Ref;Quantité;LIVRFINLU;TIERSLU;Libelle client;Statut;Tiers livré;REFEXTERNELU;Date debut Validité
53343086;700;03/21/2025;C00113;NIDEC MOTORS & ACTUATORS (GERMANY) GmbH;N/A;C00113;53343086;20190101
1001MR035;700;03/21/2025;C00113;NIDEC MOTORS & ACTUATORS (GERMANY) GmbH;N/A;C00113;1001MR035;20190101
W000024158;700;03/21/2025;C00113;NIDEC MOTORS & ACTUATORS (GERMANY) GmbH;N/A;C00113;W000024158;20190101
W000037335;700;03/21/2025;C00113;NIDEC MOTORS & ACTUATORS (GERMANY) GmbH;N/A;C00113;W000037335;20190101
W000035923;700;03/21/2025;C00113;NIDEC MOTORS & ACTUATORS (GERMANY) GmbH;N/A;C00113;W000035923;20190101
53342696;700;03/21/2025;C00113;NIDEC MOTORS & ACTUATORS (GERMANY) GmbH;N/A;C00113;53342696;20190101
W000058808;700;03/21/2025;C00113;NIDEC MOTORS & ACTUATORS (GERMANY) GmbH;N/A;C00113;W000058808;20190101
W000037397;700;03/21/2025;C00113;NIDEC MOTORS & ACTUATORS (GERMANY) GmbH;N/A;C00113;W000037397;20190101
W000038990;700;03/21/2025;C00113;NIDEC MOTORS & ACTUATORS (GERMANY) GmbH;N/A;C00113;W000038990;20190101
W151616;700;03/21/2025;C00113;NIDEC MOTORS & ACTUATORS (GERMANY) GmbH;N/A;C00113;W151616;20190101
W447251;700;03/21/2025;C00113;NIDEC MOTORS & ACTUATORS (GERMANY) GmbH;N/A;C00113;W447251;20190101
